{"cameraMode":{"drawMode":0,"name":"Shaded","section":"Shading Mode"},"sceneLighting":true,"audioPlay":false,"sceneViewState":{"showFog":true,"showMaterialUpdate":false,"showSkybox":false,"showFlares":true,"showImageEffects":true,"showParticleSystems":true},"in2DMode":false,"pivot":{"x":0.0,"y":10.706012725830079,"z":-11.16446304321289},"rotation":{"x":0.5097197890281677,"y":0.039976220577955249,"z":-0.023719068616628648,"w":0.8590842485427856},"size":0.756488025188446,"orthographic":false}